,SOLV,COUL,LJ (1-4),LJ (SR),SAS,-TS
GEG,-449.4173436666666,-1494.236073,18.13885333333333,-15.023565333333332,4.824339999999999,-46.63036185
GQG,-349.06200633333333,-1766.0948246666665,18.919735,-15.469362166666667,4.911366666666666,-46.51348705
GPG,-300.91422133333333,-871.8330866666666,17.495537333333335,-13.210831366666666,4.4267900000000004,-22.977794384999996
GNG,-344.874872,-1779.2388039999998,18.042339333333334,-15.001179833333332,4.635516666666667,-34.453915849999994
GYG,-318.9300046666667,-1264.4424823333334,31.28922633333333,-18.4733412,5.370633333333333,-40.2031423
GWG,-328.2631733333333,-1143.526077,28.114553333333333,-21.458204366666667,5.6707833333333335,-45.7451545
GCG,-322.27076833333336,-996.2141393333332,15.049346400000001,-10.847239166666665,4.490536666666667,-18.89704515
GSG,-322.8133863333333,-1189.621455,15.448487866666664,-10.793336433333334,4.409066666666667,-17.933066569999998
GGG,-312.561129,-954.3376690000001,11.086101499999998,-5.798539933333333,4.072676666666666,-14.679206544999998
GVG,-307.370515,-1081.2023846666666,22.652943333333333,-11.9014704,4.577306666666667,-19.892985409999998
GLG,-309.05767333333336,-1155.6405803333334,21.913487666666665,-13.6773003,4.852566666666666,-32.86835415
GRG,-476.51799900000003,-2338.3545480000002,21.359146,-18.0801363,5.489293333333333,-62.48955665
GIG,-305.628089,-1012.1613236666665,24.202040333333333,-12.3093431,4.841543333333333,-28.645924035
GHG,-334.97791666666666,-1138.646271,15.485733433333335,-17.457941,4.984780000000001,-40.755316099999995
GAG,-310.14734799999997,-969.6116773333334,14.2856915,-8.415920533333335,4.2598400000000005,-12.960073645
GMG,-313.035962,-968.1198149999999,17.11191153333333,-14.887996899999997,5.009906666666668,-41.9777311
GDG,-454.55709133333335,-1468.0849006666665,16.814496300000002,-14.217527066666667,4.578539999999999,-33.456305949999994
GFG,-311.294414,-1003.6415429999997,31.295471333333335,-17.455940166666664,5.241113333333334,-39.9407703
GTG,-311.0794206666667,-1264.8885813333334,20.761839,-12.215056233333335,4.53516,-18.930050355
GKG,-475.7552423333333,-1101.1228013333332,20.492062666666666,-15.578165133333332,5.205696666666667,-52.7677796
