,SOLV,COUL,LJ (1-4),LJ (SR),SAS,-TS
GEG,-426.58623966666664,-1506.9120983333332,24.703436666666665,-15.071343133333333,4.857836666666667,-44.304195549999996
GQG,-285.47946399999995,-1608.7011,25.42195733333333,-14.494210766666669,4.9440133333333325,-44.904967799999994
GPG,-267.65392733333334,-935.240254,25.131695999999998,-9.603213066666667,4.413123333333333,-19.20551114
GNG,-281.86181400000004,-1603.6518553333333,25.646133666666664,-14.097241633333333,4.6924133333333335,-32.9610788
GYG,-278.4093496666666,-1300.3248070000002,44.20272933333333,-18.40673243333333,5.3983566666666665,-39.20881205
GWG,-276.0894326666667,-1287.425567,41.429476,-21.471328,5.67488,-44.69149239999999
GCG,-273.16415066666667,-1090.8234976666668,21.604015333333336,-11.263763433333333,4.550516666666668,-19.338426409999997
GSG,-281.29965,-1296.1575206666666,22.166403,-9.218136866666667,4.410866666666666,-15.939098999999999
GGG,-269.36397900000003,-1057.5179600000001,15.487562666666665,-5.7388197000000005,4.092913333333334,-13.193048054999998
GVG,-265.11098,-1096.1852406666667,26.815479333333332,-12.669462733333333,4.611083333333333,-20.744859589999997
GLG,-265.28174466666667,-1101.9783373333332,24.882108666666667,-14.577707433333332,4.901113333333334,-34.42946755
GRG,-386.570338,-2328.5916893333333,26.643952333333335,-16.314944399999998,5.515040000000001,-61.46153544999999
GIG,-263.1675276666667,-1103.8808736666667,28.758170333333336,-13.872541466666664,4.878006666666667,-29.079195614999996
GHG,-283.435729,-1328.6711743333335,21.929505000000002,-16.729407566666666,5.044126666666666,-41.875465649999995
GAG,-265.97564800000004,-1081.450393,19.554013333333334,-7.8676025666666645,4.301956666666666,-12.184287345
GMG,-271.605755,-1090.1277493333334,22.928289333333332,-15.1109117,5.026423333333334,-39.833734449999994
GDG,-427.11687400000005,-1501.2940593333335,24.617058333333333,-13.84307,4.610923333333333,-35.27680985
GFG,-269.234608,-1091.1953143333333,44.06252833333333,-17.257254066666665,5.247496666666667,-39.328668349999994
GTG,-270.802974,-1331.2699683333333,24.818388666666667,-11.350876600000001,4.539476666666666,-21.535493759999998
GKG,-416.75022533333333,-1087.6059093333333,24.930078333333334,-15.5649602,5.23408,-50.291047549999995
