,SOLV,COUL,LJ (1-4),LJ (SR),SAS,-TS
GIG,-65.66551566666668,-911.0043053333334,-5.55104177,-13.387941866666667,4.668093333333333,-20.32852293
GQG,-92.91597133333335,-1369.0547606666667,-4.9817316,-11.549688933333334,4.747663333333334,-46.05373974999999
GMG,-76.154429,-984.2468726666667,-8.376452273333333,-13.881288533333333,4.7637133333333335,-41.843861749999995
GLG,-66.168974,-908.9511366666667,-5.0372845360000005,-10.627859833333332,4.6337600000000005,-32.500138899999996
GGG,-66.63723633333333,-912.5754426666667,-4.684510343333333,-4.832189966666666,3.94551,-11.927878345
GEG,-237.637496,-986.896296,-5.5853152900000005,-12.0452962,4.670496666666666,-45.483676949999996
GNG,-95.94572066666666,-1367.3418993333332,-7.060962816666667,-12.648108966666666,4.56726,-35.57495985
GWG,-82.25219166666668,-982.9696416666666,-3.1475482728,5548399981.189525,5.416883333333334,-48.51407355
GFG,-72.74161966666667,-956.4163229999999,-4.126428029333333,-17.03851326666667,5.097126666666666,-42.24874945
GDG,-237.77751233333333,-987.9504389999998,-3.733316059333333,-10.661261683333333,4.473696666666666,-32.331684149999994
GCG,-69.84332466666666,-966.3981556666665,-3.3709472873333333,-9.036775013333335,4.40196,-19.434788490000003
GHG,-95.50511866666666,-972.9596056666668,-2.916828303,-13.3463239,4.84889,-43.911531999999994
GAG,-64.76941066666666,-912.3187943333334,-3.314354241,-6.170254306666667,4.10058,-11.11318347
GYG,-81.83352366666666,-1165.3821196666665,-2.728118138,-16.749217966666667,5.1701999999999995,-41.30957695
GPG,-63.911019,-823.983888,0.2925422676666667,-9.7731175,4.256303333333333,-17.479789125
GVG,-65.39317066666665,-911.4048403333334,-4.78088869,-12.152964233333332,4.437743333333333,-14.959258839999999
GSG,-75.48822,-1154.2049433333334,-2.0325150085999995,-7.041875299999998,4.260783333333333,-15.221958804999998
GKG,-228.062062,-728.0815953333333,-7.688897066666667,-12.1343181,4.960816666666666,-48.70011915
GTG,-75.48955466666666,-1150.8394596666667,-5.056786999999999,-11.668627999999998,4.47977,-17.45483397
GRG,-189.38252333333332,-991.4912583333336,-4.590312650333334,-13.974593603333332,5.2344833333333325,-63.2358261
